ID,Class
24.jpg,JOVEM
34.jpg,JOVEM
354.jpg,JOVEM
706.jpg,IDOSO
947.jpg,ADULTO
1352.jpg,IDOSO
1657.jpg,IDOSO
1728.jpg,ADULTO
2021.jpg,IDOSO
2070.jpg,IDOSO
2140.jpg,IDOSO
2343.jpg,ADULTO
2446.jpg,ADULTO
3013.jpg,IDOSO
3272.jpg,JOVEM
3322.jpg,IDOSO
3648.jpg,JOVEM
4314.jpg,IDOSO
4544.jpg,ADULTO
4745.jpg,ADULTO
5020.jpg,JOVEM
5026.jpg,IDOSO
5195.jpg,IDOSO
5230.jpg,IDOSO
5397.jpg,IDOSO
5442.jpg,JOVEM
5618.jpg,JOVEM
5946.jpg,JOVEM
5999.jpg,JOVEM
6085.jpg,IDOSO
6093.jpg,JOVEM
6596.jpg,ADULTO
7118.jpg,JOVEM
7208.jpg,ADULTO
7242.jpg,ADULTO
7252.jpg,IDOSO
7459.jpg,JOVEM
7677.jpg,ADULTO
7844.jpg,JOVEM
8155.jpg,IDOSO
8491.jpg,JOVEM
8603.jpg,ADULTO
8651.jpg,ADULTO
9374.jpg,JOVEM
9693.jpg,IDOSO
9744.jpg,JOVEM
10069.jpg,JOVEM
10533.jpg,JOVEM
10743.jpg,JOVEM
10929.jpg,ADULTO
11239.jpg,JOVEM
11280.jpg,JOVEM
11420.jpg,IDOSO
11505.jpg,IDOSO
11714.jpg,JOVEM
12251.jpg,IDOSO
13194.jpg,JOVEM
13298.jpg,IDOSO
13727.jpg,ADULTO
13785.jpg,JOVEM
14348.jpg,JOVEM
14411.jpg,JOVEM
14486.jpg,JOVEM
14687.jpg,JOVEM
14724.jpg,IDOSO
14725.jpg,ADULTO
15032.jpg,ADULTO
15163.jpg,IDOSO
15223.jpg,ADULTO
15302.jpg,ADULTO
15423.jpg,ADULTO
15450.jpg,ADULTO
15590.jpg,ADULTO
15842.jpg,ADULTO
16130.jpg,ADULTO
16137.jpg,IDOSO
16457.jpg,JOVEM
16507.jpg,JOVEM
16535.jpg,JOVEM
16842.jpg,ADULTO
16873.jpg,IDOSO
16972.jpg,IDOSO
17862.jpg,ADULTO
17955.jpg,ADULTO
18136.jpg,ADULTO
18275.jpg,IDOSO
18554.jpg,ADULTO
18739.jpg,ADULTO
18768.jpg,IDOSO
19083.jpg,IDOSO
19827.jpg,IDOSO
20381.jpg,ADULTO
20523.jpg,IDOSO
20800.jpg,IDOSO
22853.jpg,JOVEM
23170.jpg,ADULTO
23234.jpg,ADULTO
23630.jpg,JOVEM
23785.jpg,IDOSO
24076.jpg,ADULTO
24756.jpg,ADULTO
25420.jpg,IDOSO
